Title,Price (GBP),Price (INR),Rating,Stock Count,Category
A Light in the Attic,51.77,5435.85,3,22,Poetry
Tipping the Velvet,53.74,5642.7,1,20,Historical Fiction
Soumission,50.1,5260.5,1,20,Fiction
Sharp Objects,47.82,5021.1,4,20,Mystery
Sapiens: A Brief History of Humankind,54.23,5694.15,5,20,History
The Requiem Red,22.65,2378.25,1,19,Young Adult
The Dirty Little Secrets of Getting Your Dream Job,33.34,3500.7,4,19,Business
"The Coming Woman: A Novel Based on the Life of the Infamous Feminist, Victoria Woodhull",17.93,1882.65,3,19,Default
The Boys in the Boat: Nine Americans and Their Epic Quest for Gold at the 1936 Berlin Olympics,22.6,2373.0,4,19,Default
The Black Maria,52.15,5475.75,1,19,Poetry
"Starving Hearts (Triangular Trade Trilogy, #1)",13.99,1468.95,2,19,Default
Shakespeare's Sonnets,20.66,2169.3,4,19,Poetry
Set Me Free,17.46,1833.3,5,19,Young Adult
Scott Pilgrim's Precious Little Life (Scott Pilgrim #1),52.29,5490.45,5,19,Sequential Art
Rip it Up and Start Again,35.02,3677.1,5,19,Music
"Our Band Could Be Your Life: Scenes from the American Indie Underground, 1981-1991",57.25,6011.25,3,19,Music
Olio,23.88,2507.4,1,19,Poetry
Mesaerion: The Best Science Fiction Stories 1800-1849,37.59,3946.95,1,19,Science Fiction
Libertarianism for Beginners,51.33,5389.65,2,19,Politics
It's Only the Himalayas,45.17,4742.85,2,19,Travel
In Her Wake,12.84,1348.2,1,19,Thriller
How Music Works,37.32,3918.6,2,19,Music
"Foolproof Preserving: A Guide to Small Batch Jams, Jellies, Pickles, Condiments, and More: A Foolproof Guide to Making Small Batch Jams, Jellies, Pickles, Condiments, and More",30.52,3204.6,3,19,Food and Drink
Chase Me (Paris Nights #2),25.27,2653.35,5,19,Romance
Black Dust,34.53,3625.65,5,19,Romance
Birdsong: A Story in Pictures,54.64,5737.2,3,19,Childrens
America's Cradle of Quarterbacks: Western Pennsylvania's Football Factory from Johnny Unitas to Joe Montana,22.5,2362.5,3,19,Default
Aladdin and His Wonderful Lamp,53.13,5578.65,3,19,Default
Worlds Elsewhere: Journeys Around Shakespeare’s Globe,40.3,4231.5,5,18,Nonfiction
Wall and Piece,44.18,4638.9,4,18,Art
The Four Agreements: A Practical Guide to Personal Freedom,17.66,1854.3,5,18,Spirituality
The Five Love Languages: How to Express Heartfelt Commitment to Your Mate,31.05,3260.25,3,18,Nonfiction
The Elephant Tree,23.82,2501.1,5,18,Thriller
The Bear and the Piano,36.89,3873.45,1,18,Childrens
Sophie's World,15.94,1673.7,5,18,Philosophy
Penny Maybe,33.29,3495.45,3,18,Default
Maude (1883-1993):She Grew Up with the country,18.02,1892.1,2,18,Default
"In a Dark, Dark Wood",19.63,2061.15,1,18,Mystery
Behind Closed Doors,52.22,5483.1,4,18,Thriller
You can't bury them all: Poems,33.63,3531.15,2,17,Poetry
Slow States of Collapse: Poems,57.31,6017.55,3,17,Poetry
Reasons to Stay Alive,26.41,2773.05,2,17,Nonfiction
Private Paris (Private #10),47.61,4999.05,5,17,Fiction
#HigherSelfie: Wake Up Your Life. Free Your Soul. Find Your Tribe.,23.11,2426.55,5,17,Nonfiction
Without Borders (Wanderlove #1),45.07,4732.35,2,16,New Adult
When We Collided,31.77,3335.85,1,16,Contemporary
"We Love You, Charlie Freeman",50.27,5278.35,5,16,Fiction
Untitled Collection: Sabbath Poems 2014,14.27,1498.35,4,16,Poetry
"Unseen City: The Majesty of Pigeons, the Discreet Charm of Snails & Other Wonders of the Urban Wilderness",44.18,4638.9,4,16,Nonfiction
Unicorn Tracks,18.78,1971.9,3,16,Fantasy
"Unbound: How Eight Technologies Made Us Human, Transformed Society, and Brought Our World to the Brink",25.52,2679.6,1,16,History
Tsubasa: WoRLD CHRoNiCLE 2 (Tsubasa WoRLD CHRoNiCLE #2),16.28,1709.4,1,16,Sequential Art
Throwing Rocks at the Google Bus: How Growth Became the Enemy of Prosperity,31.12,3267.6,3,16,Nonfiction
This One Summer,19.49,2046.45,4,16,Sequential Art
Thirst,17.27,1813.35,5,16,Fiction
The Torch Is Passed: A Harding Family Story,19.09,2004.45,1,16,Add a comment
The Secret of Dreadwillow Carse,56.13,5893.65,1,16,Childrens
"The Pioneer Woman Cooks: Dinnertime: Comfort Classics, Freezer Food, 16-Minute Meals, and Other Delicious Ways to Solve Supper!",56.41,5923.05,1,16,Food and Drink
The Past Never Ends,56.5,5932.5,4,16,Mystery
The Natural History of Us (The Fine Art of Pretending #2),45.22,4748.1,3,16,Young Adult
The Nameless City (The Nameless City #1),38.16,4006.8,4,16,Sequential Art
The Murder That Never Was (Forensic Instincts #5),54.11,5681.55,3,16,Fiction
The Most Perfect Thing: Inside (and Outside) a Bird's Egg,42.96,4510.8,4,16,Science
"The Mindfulness and Acceptance Workbook for Anxiety: A Guide to Breaking Free from Anxiety, Phobias, and Worry Using Acceptance and Commitment Therapy",23.89,2508.45,4,16,Add a comment
The Life-Changing Magic of Tidying Up: The Japanese Art of Decluttering and Organizing,16.77,1760.85,3,16,Nonfiction
"The Inefficiency Assassin: Time Management Tactics for Working Smarter, Not Longer",20.59,2161.95,5,16,Default
The Gutsy Girl: Escapades for Your Life of Epic Adventure,37.13,3898.65,1,16,Nonfiction
The Electric Pencil: Drawings from Inside State Hospital No. 3,56.06,5886.3,1,16,Nonfiction
The Death of Humanity: and the Case for Life,58.11,6101.55,4,16,Philosophy
"The Bulletproof Diet: Lose up to a Pound a Day, Reclaim Energy and Focus, Upgrade Your Life",49.05,5150.25,3,16,Health
The Art Forger,40.76,4279.8,3,16,Add a comment
The Age of Genius: The Seventeenth Century and the Birth of the Modern Mind,19.73,2071.65,1,16,History
The Activist's Tao Te Ching: Ancient Advice for a Modern Revolution,32.24,3385.2,5,16,Spirituality
Spark Joy: An Illustrated Master Class on the Art of Organizing and Tidying Up,41.83,4392.15,4,16,Nonfiction
Soul Reader,39.58,4155.9,2,16,Default
Security,39.25,4121.25,2,16,Horror
"Saga, Volume 6 (Saga (Collected Editions) #6)",25.02,2627.1,3,16,Fantasy
"Saga, Volume 5 (Saga (Collected Editions) #5)",51.04,5359.2,2,16,Sequential Art
Reskilling America: Learning to Labor in the Twenty-First Century,19.83,2082.15,2,16,Nonfiction
"Rat Queens, Vol. 3: Demons (Rat Queens (Collected Editions) #11-15)",50.4,5292.0,3,16,Sequential Art
"Princess Jellyfish 2-in-1 Omnibus, Vol. 01 (Princess Jellyfish 2-in-1 Omnibus #1)",13.61,1429.05,5,16,Sequential Art
Princess Between Worlds (Wide-Awake Princess #5),13.34,1400.7,5,16,Fantasy
"Pop Gun War, Volume 1: Gift",18.97,1991.85,1,16,Sequential Art
"Political Suicide: Missteps, Peccadilloes, Bad Calls, Backroom Hijinx, Sordid Pasts, Rotten Breaks, and Just Plain Dumb Mistakes in the Annals of American Politics",36.28,3809.4,2,16,History
Patience,10.16,1066.8,3,16,Sequential Art
"Outcast, Vol. 1: A Darkness Surrounds Him (Outcast #1)",15.44,1621.2,4,16,Sequential Art
orange: The Complete Collection 1 (orange: The Complete Collection #1),48.41,5083.05,1,16,Sequential Art
Online Marketing for Busy Authors: A Step-By-Step Guide,46.35,4866.75,1,16,Self Help
On a Midnight Clear,14.07,1477.35,3,16,Add a comment
Obsidian (Lux #1),14.86,1560.3,2,16,Young Adult
My Paris Kitchen: Recipes and Stories,33.37,3503.85,2,16,Food and Drink
Masks and Shadows,56.4,5922.0,2,16,Fantasy
"Mama Tried: Traditional Italian Cooking for the Screwed, Crude, Vegan, and Tattooed",14.02,1472.1,4,16,Food and Drink
"Lumberjanes, Vol. 2: Friendship to the Max (Lumberjanes #5-8)",46.91,4925.55,2,16,Sequential Art
"Lumberjanes, Vol. 1: Beware the Kitten Holy (Lumberjanes #1-4)",45.61,4789.05,3,16,Sequential Art
Lumberjanes Vol. 3: A Terrible Plan (Lumberjanes #9-12),19.92,2091.6,2,16,Sequential Art
"Layered: Baking, Building, and Styling Spectacular Cakes",40.11,4211.55,1,16,Food and Drink
Judo: Seven Steps to Black Belt (an Introductory Guide for Beginners),53.9,5659.5,2,16,Add a comment
Join,35.67,3745.35,5,16,Science Fiction
In the Country We Love: My Family Divided,22.0,2310.0,4,16,Nonfiction
